user_id,age,join_date
1,51,2024-09-16
2,33,2024-10-16
3,29,2024-06-26
4,22,2024-02-03
5,33,2024-08-04
6,35,2024-09-07
7,38,2024-08-20
8,40,2024-03-13
9,48,2024-06-05
10,58,2023-12-10
11,66,2024-08-24
12,70,2024-10-16
13,57,2024-08-30
14,32,2024-06-26
15,20,2024-10-15
16,39,2024-07-25
17,62,2023-12-10
18,50,2023-12-10
19,49,2024-08-04
20,60,2024-06-05
21,34,2024-05-25
22,70,2024-01-08
23,47,2024-03-26
24,52,2024-05-24
25,31,2024-03-15
26,62,2024-04-10
27,38,2024-05-24
28,68,2024-03-25
29,54,2024-06-06
30,63,2024-09-29
31,47,2024-02-05
32,70,2024-08-06
33,29,2024-06-24
34,26,2024-03-04
35,66,2024-04-11
36,36,2024-06-07
37,36,2024-06-10
38,57,2023-12-26
39,70,2024-06-14
40,46,2024-03-02
41,56,2024-02-01
42,57,2024-01-01
43,46,2024-02-15
44,42,2024-10-29
45,36,2024-08-18
46,27,2024-09-06
47,56,2024-05-17
48,28,2024-03-11
49,21,2024-08-19
50,34,2024-07-04
51,45,2024-07-14
52,61,2024-06-11
53,23,2024-07-09
54,28,2024-07-29
55,20,2024-08-19
56,31,2024-01-30
57,23,2024-08-19
58,33,2024-10-30
59,61,2024-11-13
60,67,2024-07-15
61,28,2024-11-12
62,43,2024-07-25
63,33,2024-04-21
64,22,2023-12-06
65,50,2024-05-31
66,52,2023-12-23
67,47,2024-11-05
68,25,2024-05-16
69,35,2024-03-22
70,18,2024-09-08
71,57,2024-04-22
72,25,2024-05-06
73,34,2024-10-02
74,51,2024-07-22
75,58,2024-01-28
76,61,2024-11-22
77,25,2024-06-01
78,22,2024-07-13
79,25,2024-01-10
80,57,2024-07-08
81,60,2023-12-02
82,49,2024-04-02
83,42,2024-10-13
84,24,2024-04-13
85,60,2024-03-07
86,69,2024-07-14
87,54,2024-10-28
88,54,2024-01-10
89,36,2023-12-09
90,59,2024-05-21
91,37,2024-11-11
92,44,2024-07-05
93,67,2024-04-09
94,50,2024-05-08
95,66,2024-10-31
96,61,2024-06-24
97,58,2024-10-26
98,29,2024-10-03
99,69,2024-02-21
100,63,2024-08-30
Admin,0,2024-12-18
borooj,0,2024-12-18
yaqeen,0,2024-12-18
