user_id,movie_id,rating,timestamp,age,join_date
1,20352,4.0,2024-10-26,51,2024-09-16
1,4247,3.0,2024-11-24,51,2024-09-16
1,616446,3.0,2024-09-25,51,2024-09-16
1,9919,2.0,2024-11-28,51,2024-09-16
1,939243,3.0,2024-08-12,51,2024-09-16
1,11688,2.0,2024-08-20,51,2024-09-16
1,567811,4.0,2024-11-24,51,2024-09-16
1,508,5.0,2024-07-09,51,2024-09-16
2,675353,2.0,2024-09-17,33,2024-10-16
2,826510,5.0,2024-08-28,33,2024-10-16
2,269509,2.0,2024-10-26,33,2024-10-16
2,838240,1.0,2024-06-18,33,2024-10-16
2,360920,2.0,2024-10-10,33,2024-10-16
2,1104171,1.0,2024-06-06,33,2024-10-16
2,508,1.0,2024-08-28,33,2024-10-16
3,976573,5.0,2024-11-17,29,2024-06-26
3,808,3.0,2024-11-23,29,2024-06-26
3,269149,5.0,2024-08-10,29,2024-06-26
3,573435,3.0,2024-06-19,29,2024-06-26
3,502356,5.0,2024-09-23,29,2024-06-26
4,9919,2.0,2024-08-15,22,2024-02-03
4,12153,1.0,2024-11-25,22,2024-02-03
4,287903,5.0,2024-11-27,22,2024-02-03
4,277834,3.0,2024-08-13,22,2024-02-03
4,324568,5.0,2024-06-28,22,2024-02-03
4,809,4.0,2024-08-31,22,2024-02-03
4,10625,1.0,2024-09-23,22,2024-02-03
4,13,5.0,2024-08-29,22,2024-02-03
4,1210794,5.0,2024-10-08,22,2024-02-03
4,365177,4.0,2024-11-04,22,2024-02-03
4,862,1.0,2024-09-02,22,2024-02-03
4,502356,5.0,2024-10-11,22,2024-02-03
4,508,1.0,2024-06-16,22,2024-02-03
4,384018,2.0,2024-11-20,22,2024-02-03
4,947891,3.0,2024-11-11,22,2024-02-03
4,838240,1.0,2024-09-10,22,2024-02-03
4,629542,5.0,2024-08-07,22,2024-02-03
4,1100099,3.0,2024-10-07,22,2024-02-03
5,384018,2.0,2024-09-08,33,2024-08-04
5,573435,3.0,2024-09-11,33,2024-08-04
5,939243,3.0,2024-07-27,33,2024-08-04
5,493529,4.0,2024-10-17,33,2024-08-04
5,118,4.0,2024-07-11,33,2024-08-04
5,1064213,5.0,2024-07-19,33,2024-08-04
5,287903,4.0,2024-07-26,33,2024-08-04
5,1210794,2.0,2024-07-04,33,2024-08-04
5,1210794,1.0,2024-06-07,33,2024-08-04
5,974635,4.0,2024-08-02,33,2024-08-04
5,995803,5.0,2024-06-16,33,2024-08-04
5,568124,5.0,2024-08-20,33,2024-08-04
5,82702,5.0,2024-07-25,33,2024-08-04
5,974262,2.0,2024-10-03,33,2024-08-04
5,324568,5.0,2024-06-18,33,2024-08-04
5,1290486,1.0,2024-09-29,33,2024-08-04
5,947891,1.0,2024-07-08,33,2024-08-04
5,106646,1.0,2024-09-03,33,2024-08-04
6,1225977,5.0,2024-07-03,35,2024-09-07
6,277834,3.0,2024-10-23,35,2024-09-07
6,1104171,5.0,2024-11-25,35,2024-09-07
6,808,4.0,2024-06-29,35,2024-09-07
6,917496,1.0,2024-08-23,35,2024-09-07
6,976573,3.0,2024-09-12,35,2024-09-07
6,1100099,4.0,2024-11-28,35,2024-09-07
6,939243,5.0,2024-09-04,35,2024-09-07
6,820530,3.0,2024-08-05,35,2024-09-07
6,118,1.0,2024-07-24,35,2024-09-07
6,1207830,1.0,2024-09-30,35,2024-09-07
6,177572,3.0,2024-09-24,35,2024-09-07
6,573435,3.0,2024-10-08,35,2024-09-07
6,974262,3.0,2024-07-10,35,2024-09-07
6,940551,2.0,2024-08-13,35,2024-09-07
6,20352,3.0,2024-06-18,35,2024-09-07
6,877817,4.0,2024-06-19,35,2024-09-07
6,5825,3.0,2024-09-08,35,2024-09-07
7,493529,4.0,2024-08-20,38,2024-08-20
7,508,5.0,2024-11-06,38,2024-08-20
7,1290486,4.0,2024-06-24,38,2024-08-20
7,1354627,1.0,2024-09-08,38,2024-08-20
7,976573,1.0,2024-08-06,38,2024-08-20
7,917496,1.0,2024-11-12,38,2024-08-20
7,106646,3.0,2024-07-02,38,2024-08-20
7,324568,4.0,2024-09-04,38,2024-08-20
7,20352,4.0,2024-06-20,38,2024-08-20
7,1382511,2.0,2024-06-22,38,2024-08-20
7,1329336,3.0,2024-11-19,38,2024-08-20
7,843527,1.0,2024-08-27,38,2024-08-20
7,150540,2.0,2024-06-11,38,2024-08-20
7,106646,5.0,2024-06-19,38,2024-08-20
7,346698,4.0,2024-06-24,38,2024-08-20
7,507241,4.0,2024-06-15,38,2024-08-20
7,12153,5.0,2024-10-08,38,2024-08-20
7,573435,4.0,2024-06-21,38,2024-08-20
7,11688,2.0,2024-12-01,38,2024-08-20
7,556803,5.0,2024-10-21,38,2024-08-20
8,1097870,5.0,2024-08-13,40,2024-03-13
8,1234811,5.0,2024-11-13,40,2024-03-13
8,820530,3.0,2024-09-05,40,2024-03-13
8,831815,3.0,2024-08-20,40,2024-03-13
8,939243,4.0,2024-09-21,40,2024-03-13
8,177572,1.0,2024-11-03,40,2024-03-13
8,976573,4.0,2024-09-28,40,2024-03-13
8,13,5.0,2024-10-15,40,2024-03-13
8,507241,5.0,2024-09-19,40,2024-03-13
8,568124,2.0,2024-10-15,40,2024-03-13
8,11688,2.0,2024-10-20,40,2024-03-13
9,519182,3.0,2024-09-14,48,2024-06-05
9,8871,1.0,2024-11-05,48,2024-06-05
9,62961,1.0,2024-11-04,48,2024-06-05
9,820530,5.0,2024-07-21,48,2024-06-05
9,22705,5.0,2024-10-09,48,2024-06-05
9,360920,4.0,2024-11-30,48,2024-06-05
9,1225977,2.0,2024-06-17,48,2024-06-05
9,826510,4.0,2024-08-05,48,2024-06-05
9,862,1.0,2024-10-09,48,2024-06-05
9,917496,3.0,2024-10-07,48,2024-06-05
9,929563,5.0,2024-06-12,48,2024-06-05
9,957119,1.0,2024-08-01,48,2024-06-05
9,1371727,4.0,2024-09-01,48,2024-06-05
10,365177,1.0,2024-07-01,58,2023-12-10
10,826510,5.0,2024-07-22,58,2023-12-10
10,629542,3.0,2024-06-25,58,2023-12-10
10,974635,1.0,2024-08-08,58,2023-12-10
10,177572,2.0,2024-10-15,58,2023-12-10
10,1210794,3.0,2024-11-29,58,2023-12-10
10,277834,1.0,2024-07-10,58,2023-12-10
10,787699,5.0,2024-07-14,58,2023-12-10
10,13,5.0,2024-06-15,58,2023-12-10
11,704239,5.0,2024-08-25,66,2024-08-24
11,269509,4.0,2024-11-29,66,2024-08-24
11,12153,5.0,2024-06-08,66,2024-08-24
11,269149,3.0,2024-07-25,66,2024-08-24
11,787699,2.0,2024-07-04,66,2024-08-24
11,106646,4.0,2024-08-26,66,2024-08-24
12,22705,5.0,2024-09-06,70,2024-10-16
12,118,5.0,2024-06-19,70,2024-10-16
12,974635,1.0,2024-08-11,70,2024-10-16
12,1382511,1.0,2024-09-02,70,2024-10-16
12,82702,5.0,2024-11-03,70,2024-10-16
12,639720,1.0,2024-07-01,70,2024-10-16
12,269509,5.0,2024-08-15,70,2024-10-16
12,748783,1.0,2024-08-01,70,2024-10-16
12,106646,1.0,2024-08-09,70,2024-10-16
12,585,1.0,2024-10-17,70,2024-10-16
12,594767,4.0,2024-06-26,70,2024-10-16
12,360920,5.0,2024-11-16,70,2024-10-16
12,746036,1.0,2024-07-06,70,2024-10-16
12,5825,1.0,2024-07-14,70,2024-10-16
13,425,5.0,2024-06-21,57,2024-08-30
13,106646,4.0,2024-09-05,57,2024-08-30
13,675353,1.0,2024-10-07,57,2024-08-30
13,939243,4.0,2024-07-04,57,2024-08-30
13,838240,1.0,2024-08-31,57,2024-08-30
13,787699,3.0,2024-11-23,57,2024-08-30
13,1329336,2.0,2024-10-26,57,2024-08-30
13,585,3.0,2024-07-21,57,2024-08-30
13,995803,2.0,2024-06-11,57,2024-08-30
13,39873,1.0,2024-10-03,57,2024-08-30
13,1207830,5.0,2024-07-22,57,2024-08-30
13,868759,5.0,2024-11-02,57,2024-08-30
13,277834,3.0,2024-11-17,57,2024-08-30
13,324568,5.0,2024-09-09,57,2024-08-30
13,746036,2.0,2024-11-18,57,2024-08-30
13,62961,5.0,2024-07-13,57,2024-08-30
13,1290486,1.0,2024-11-22,57,2024-08-30
13,592983,3.0,2024-10-03,57,2024-08-30
13,360920,3.0,2024-06-28,57,2024-08-30
13,704239,2.0,2024-07-11,57,2024-08-30
14,629542,4.0,2024-09-07,32,2024-06-26
14,639720,2.0,2024-08-30,32,2024-06-26
14,862,4.0,2024-11-04,32,2024-06-26
14,10625,5.0,2024-08-13,32,2024-06-26
14,493529,4.0,2024-11-15,32,2024-06-26
14,568124,2.0,2024-09-26,32,2024-06-26
14,1359227,5.0,2024-08-06,32,2024-06-26
14,82702,4.0,2024-08-01,32,2024-06-26
14,567811,4.0,2024-09-06,32,2024-06-26
15,957119,5.0,2024-09-12,20,2024-10-15
15,843527,5.0,2024-06-06,20,2024-10-15
15,1108427,1.0,2024-08-23,20,2024-10-15
15,22705,5.0,2024-06-28,20,2024-10-15
15,1210794,4.0,2024-10-27,20,2024-10-15
15,556803,5.0,2024-08-02,20,2024-10-15
15,346698,1.0,2024-10-12,20,2024-10-15
15,324568,5.0,2024-09-10,20,2024-10-15
15,2062,2.0,2024-07-12,20,2024-10-15
15,425,4.0,2024-10-15,20,2024-10-15
16,868759,5.0,2024-08-16,39,2024-07-25
16,567811,4.0,2024-07-16,39,2024-07-25
16,315162,2.0,2024-11-17,39,2024-07-25
16,425,2.0,2024-10-24,39,2024-07-25
16,772,1.0,2024-10-05,39,2024-07-25
16,929563,1.0,2024-10-22,39,2024-07-25
16,1064213,5.0,2024-09-11,39,2024-07-25
16,106646,3.0,2024-06-27,39,2024-07-25
16,533535,5.0,2024-09-12,39,2024-07-25
16,746036,2.0,2024-07-31,39,2024-07-25
16,277834,2.0,2024-09-28,39,2024-07-25
16,1210794,5.0,2024-09-20,39,2024-07-25
16,1097870,1.0,2024-10-26,39,2024-07-25
16,845781,1.0,2024-06-17,39,2024-07-25
16,1371727,5.0,2024-10-04,39,2024-07-25
16,862,2.0,2024-08-15,39,2024-07-25
16,177572,4.0,2024-10-24,39,2024-07-25
17,1108427,2.0,2024-06-15,62,2023-12-10
17,1210794,1.0,2024-10-25,62,2023-12-10
17,62961,5.0,2024-06-29,62,2023-12-10
17,287903,3.0,2024-09-10,62,2023-12-10
17,843527,2.0,2024-09-29,62,2023-12-10
17,1329336,1.0,2024-09-12,62,2023-12-10
17,22705,1.0,2024-11-07,62,2023-12-10
17,324568,1.0,2024-11-21,62,2023-12-10
17,8871,3.0,2024-06-20,62,2023-12-10
17,629542,1.0,2024-09-20,62,2023-12-10
17,808,2.0,2024-10-01,62,2023-12-10
18,877817,5.0,2024-08-31,50,2023-12-10
18,772,1.0,2024-11-12,50,2023-12-10
18,1354627,4.0,2024-11-28,50,2023-12-10
18,639720,1.0,2024-08-14,50,2023-12-10
18,1097870,2.0,2024-10-06,50,2023-12-10
18,493529,2.0,2024-09-17,50,2023-12-10
19,502356,4.0,2024-08-24,49,2024-08-04
19,360920,5.0,2024-10-19,49,2024-08-04
19,1207830,2.0,2024-07-11,49,2024-08-04
19,1022789,5.0,2024-10-06,49,2024-08-04
19,277834,5.0,2024-11-21,49,2024-08-04
19,105,3.0,2024-08-02,49,2024-08-04
19,746036,2.0,2024-08-16,49,2024-08-04
19,365177,5.0,2024-08-24,49,2024-08-04
19,556803,3.0,2024-07-28,49,2024-08-04
19,639720,1.0,2024-10-03,49,2024-08-04
19,1354627,3.0,2024-07-29,49,2024-08-04
20,995803,2.0,2024-10-22,60,2024-06-05
20,269509,4.0,2024-09-04,60,2024-06-05
20,425,5.0,2024-09-23,60,2024-06-05
20,287903,3.0,2024-10-30,60,2024-06-05
20,493529,2.0,2024-08-10,60,2024-06-05
20,150540,4.0,2024-10-19,60,2024-06-05
20,533535,1.0,2024-10-19,60,2024-06-05
20,324568,1.0,2024-11-18,60,2024-06-05
20,360920,4.0,2024-09-22,60,2024-06-05
21,425,4.0,2024-08-14,34,2024-05-25
21,277834,4.0,2024-09-16,34,2024-05-25
21,519182,3.0,2024-07-21,34,2024-05-25
21,939243,4.0,2024-09-28,34,2024-05-25
21,360920,5.0,2024-09-22,34,2024-05-25
21,82702,5.0,2024-08-14,34,2024-05-25
21,508,1.0,2024-08-19,34,2024-05-25
21,845781,3.0,2024-10-04,34,2024-05-25
21,324568,1.0,2024-11-16,34,2024-05-25
21,118,3.0,2024-09-18,34,2024-05-25
21,862,2.0,2024-07-19,34,2024-05-25
21,838240,2.0,2024-08-30,34,2024-05-25
21,425,1.0,2024-10-14,34,2024-05-25
21,592983,4.0,2024-10-16,34,2024-05-25
21,746036,4.0,2024-06-28,34,2024-05-25
21,1064213,1.0,2024-08-20,34,2024-05-25
21,62961,1.0,2024-11-30,34,2024-05-25
22,1059264,4.0,2024-06-25,70,2024-01-08
22,845781,3.0,2024-06-25,70,2024-01-08
22,9919,3.0,2024-09-25,70,2024-01-08
22,877817,4.0,2024-06-27,70,2024-01-08
22,315162,1.0,2024-08-02,70,2024-01-08
22,556803,5.0,2024-12-01,70,2024-01-08
22,868759,2.0,2024-09-24,70,2024-01-08
22,4247,4.0,2024-09-11,70,2024-01-08
22,20352,2.0,2024-07-29,70,2024-01-08
22,957119,4.0,2024-07-24,70,2024-01-08
22,533535,2.0,2024-09-16,70,2024-01-08
23,1329336,5.0,2024-06-28,47,2024-03-26
23,1108427,4.0,2024-07-09,47,2024-03-26
23,118,2.0,2024-10-26,47,2024-03-26
23,868759,4.0,2024-08-17,47,2024-03-26
23,568124,1.0,2024-08-09,47,2024-03-26
23,315162,3.0,2024-07-15,47,2024-03-26
23,845781,5.0,2024-11-14,47,2024-03-26
23,675353,2.0,2024-11-16,47,2024-03-26
23,62961,2.0,2024-11-21,47,2024-03-26
23,346698,2.0,2024-10-14,47,2024-03-26
23,877817,5.0,2024-08-17,47,2024-03-26
23,269509,2.0,2024-07-03,47,2024-03-26
24,1210794,5.0,2024-07-03,52,2024-05-24
24,877817,3.0,2024-11-11,52,2024-05-24
24,12153,4.0,2024-10-26,52,2024-05-24
24,425,5.0,2024-07-31,52,2024-05-24
24,507241,3.0,2024-09-05,52,2024-05-24
24,519182,1.0,2024-09-21,52,2024-05-24
24,508,2.0,2024-11-19,52,2024-05-24
24,5825,1.0,2024-08-12,52,2024-05-24
24,1097870,2.0,2024-07-17,52,2024-05-24
24,1359227,3.0,2024-11-10,52,2024-05-24
24,1290287,3.0,2024-06-25,52,2024-05-24
24,1104171,3.0,2024-08-19,52,2024-05-24
24,809,2.0,2024-11-22,52,2024-05-24
24,629542,5.0,2024-08-12,52,2024-05-24
24,573435,1.0,2024-10-07,52,2024-05-24
24,556803,3.0,2024-06-27,52,2024-05-24
24,1108427,1.0,2024-07-12,52,2024-05-24
25,862,1.0,2024-08-02,31,2024-03-15
25,365177,5.0,2024-06-22,31,2024-03-15
25,845781,4.0,2024-11-27,31,2024-03-15
25,502356,5.0,2024-09-12,31,2024-03-15
25,4247,1.0,2024-08-03,31,2024-03-15
26,177572,5.0,2024-11-06,62,2024-04-10
26,365177,4.0,2024-08-09,62,2024-04-10
26,947891,5.0,2024-09-09,62,2024-04-10
26,616446,3.0,2024-07-14,62,2024-04-10
26,929563,4.0,2024-11-09,62,2024-04-10
26,425,5.0,2024-09-09,62,2024-04-10
26,106646,3.0,2024-07-18,62,2024-04-10
27,1382511,1.0,2024-10-30,38,2024-05-24
27,594767,2.0,2024-07-30,38,2024-05-24
27,1371727,4.0,2024-11-05,38,2024-05-24
27,877817,2.0,2024-07-26,38,2024-05-24
27,10625,2.0,2024-08-17,38,2024-05-24
27,508,5.0,2024-10-01,38,2024-05-24
27,995803,5.0,2024-06-15,38,2024-05-24
27,324568,1.0,2024-10-11,38,2024-05-24
28,787699,4.0,2024-08-11,68,2024-03-25
28,843527,5.0,2024-08-30,68,2024-03-25
28,877817,3.0,2024-06-24,68,2024-03-25
28,1241982,3.0,2024-11-10,68,2024-03-25
28,323260,5.0,2024-06-07,68,2024-03-25
28,917496,1.0,2024-06-28,68,2024-03-25
28,556803,1.0,2024-10-04,68,2024-03-25
28,106646,3.0,2024-10-25,68,2024-03-25
28,1104171,3.0,2024-11-02,68,2024-03-25
28,287903,1.0,2024-09-22,68,2024-03-25
28,425,4.0,2024-08-26,68,2024-03-25
28,639720,4.0,2024-11-04,68,2024-03-25
29,592983,1.0,2024-10-26,54,2024-06-06
29,639720,5.0,2024-07-19,54,2024-06-06
29,862,2.0,2024-10-05,54,2024-06-06
29,4247,5.0,2024-09-14,54,2024-06-06
29,22705,2.0,2024-07-07,54,2024-06-06
29,105,3.0,2024-10-17,54,2024-06-06
29,585,2.0,2024-08-04,54,2024-06-06
29,508,4.0,2024-09-10,54,2024-06-06
29,1241982,1.0,2024-06-25,54,2024-06-06
29,1104171,1.0,2024-09-03,54,2024-06-06
29,556803,4.0,2024-10-17,54,2024-06-06
29,150540,1.0,2024-11-06,54,2024-06-06
29,315162,1.0,2024-06-13,54,2024-06-06
29,1359227,1.0,2024-07-16,54,2024-06-06
29,1108427,5.0,2024-10-03,54,2024-06-06
29,826510,2.0,2024-07-13,54,2024-06-06
29,947891,1.0,2024-11-02,54,2024-06-06
30,533535,5.0,2024-10-11,63,2024-09-29
30,315162,5.0,2024-06-07,63,2024-09-29
30,957119,2.0,2024-09-17,63,2024-09-29
30,2062,5.0,2024-06-08,63,2024-09-29
30,8871,2.0,2024-11-01,63,2024-09-29
30,105,1.0,2024-09-16,63,2024-09-29
30,508,1.0,2024-06-15,63,2024-09-29
30,1022789,4.0,2024-10-30,63,2024-09-29
30,1207830,5.0,2024-07-04,63,2024-09-29
30,177572,2.0,2024-09-25,63,2024-09-29
31,1234811,2.0,2024-09-15,47,2024-02-05
31,639720,1.0,2024-08-03,47,2024-02-05
31,39873,3.0,2024-10-13,47,2024-02-05
31,868759,4.0,2024-06-19,47,2024-02-05
31,629542,5.0,2024-11-21,47,2024-02-05
31,629542,5.0,2024-09-30,47,2024-02-05
31,1207830,5.0,2024-07-09,47,2024-02-05
31,843527,2.0,2024-06-28,47,2024-02-05
31,939243,2.0,2024-07-08,47,2024-02-05
31,2062,4.0,2024-07-19,47,2024-02-05
31,1359227,1.0,2024-08-31,47,2024-02-05
31,567811,5.0,2024-07-25,47,2024-02-05
32,567811,4.0,2024-09-04,70,2024-08-06
32,947891,5.0,2024-10-11,70,2024-08-06
32,1064213,4.0,2024-08-08,70,2024-08-06
32,323260,2.0,2024-09-04,70,2024-08-06
32,746036,2.0,2024-10-27,70,2024-08-06
32,10625,2.0,2024-11-05,70,2024-08-06
32,1210794,3.0,2024-08-25,70,2024-08-06
32,1225977,4.0,2024-07-03,70,2024-08-06
32,629542,4.0,2024-11-06,70,2024-08-06
32,1207830,2.0,2024-09-17,70,2024-08-06
32,360920,2.0,2024-08-29,70,2024-08-06
32,748783,4.0,2024-08-04,70,2024-08-06
32,1290486,3.0,2024-07-13,70,2024-08-06
32,62961,4.0,2024-07-24,70,2024-08-06
32,1104171,2.0,2024-09-04,70,2024-08-06
33,1225977,2.0,2024-09-30,29,2024-06-24
33,820530,4.0,2024-09-02,29,2024-06-24
33,974635,4.0,2024-07-19,29,2024-06-24
33,360920,2.0,2024-07-26,29,2024-06-24
33,20352,1.0,2024-08-11,29,2024-06-24
33,592983,2.0,2024-07-06,29,2024-06-24
33,324568,4.0,2024-10-30,29,2024-06-24
33,1359227,5.0,2024-10-12,29,2024-06-24
33,82702,2.0,2024-07-30,29,2024-06-24
33,118,3.0,2024-10-31,29,2024-06-24
33,1290287,5.0,2024-08-06,29,2024-06-24
33,105,1.0,2024-07-30,29,2024-06-24
33,150540,3.0,2024-09-14,29,2024-06-24
33,384018,3.0,2024-09-06,29,2024-06-24
33,10625,2.0,2024-06-13,29,2024-06-24
33,567811,1.0,2024-11-11,29,2024-06-24
33,746036,3.0,2024-10-31,29,2024-06-24
33,1354627,1.0,2024-08-09,29,2024-06-24
34,573435,3.0,2024-06-22,26,2024-03-04
34,1108427,5.0,2024-11-29,26,2024-03-04
34,1354627,2.0,2024-11-02,26,2024-03-04
34,150540,3.0,2024-07-10,26,2024-03-04
34,868759,1.0,2024-09-24,26,2024-03-04
34,4247,3.0,2024-07-23,26,2024-03-04
34,287903,5.0,2024-09-18,26,2024-03-04
34,39873,4.0,2024-09-26,26,2024-03-04
34,82702,2.0,2024-09-03,26,2024-03-04
34,592983,1.0,2024-06-15,26,2024-03-04
34,1207830,4.0,2024-08-05,26,2024-03-04
34,838240,3.0,2024-09-12,26,2024-03-04
34,877817,1.0,2024-10-18,26,2024-03-04
34,917496,5.0,2024-09-19,26,2024-03-04
34,324568,1.0,2024-06-15,26,2024-03-04
34,105,5.0,2024-07-22,26,2024-03-04
34,22705,3.0,2024-11-09,26,2024-03-04
34,11688,4.0,2024-06-07,26,2024-03-04
34,843527,1.0,2024-10-24,26,2024-03-04
35,877817,1.0,2024-11-06,66,2024-04-11
35,573435,3.0,2024-07-02,66,2024-04-11
35,556803,5.0,2024-11-19,66,2024-04-11
35,976573,2.0,2024-07-27,66,2024-04-11
35,862,2.0,2024-06-21,66,2024-04-11
35,1210794,2.0,2024-06-18,66,2024-04-11
36,820530,3.0,2024-10-09,36,2024-06-07
36,1059264,1.0,2024-10-07,36,2024-06-07
36,1064213,5.0,2024-07-01,36,2024-06-07
36,939243,1.0,2024-08-20,36,2024-06-07
36,507241,5.0,2024-11-21,36,2024-06-07
36,62961,5.0,2024-11-26,36,2024-06-07
36,639720,4.0,2024-11-24,36,2024-06-07
36,838240,1.0,2024-09-05,36,2024-06-07
36,567811,3.0,2024-10-13,36,2024-06-07
36,323260,1.0,2024-10-08,36,2024-06-07
36,957119,5.0,2024-07-05,36,2024-06-07
36,106646,4.0,2024-07-22,36,2024-06-07
36,748783,2.0,2024-09-07,36,2024-06-07
36,573435,4.0,2024-11-30,36,2024-06-07
36,13,1.0,2024-08-12,36,2024-06-07
36,1207830,4.0,2024-09-24,36,2024-06-07
36,826510,3.0,2024-11-22,36,2024-06-07
36,929563,5.0,2024-09-07,36,2024-06-07
37,929563,4.0,2024-08-19,36,2024-06-10
37,1382511,3.0,2024-08-19,36,2024-06-10
37,106646,5.0,2024-07-02,36,2024-06-10
37,10625,3.0,2024-10-28,36,2024-06-10
37,843527,4.0,2024-06-27,36,2024-06-10
37,293660,5.0,2024-08-18,36,2024-06-10
37,594767,4.0,2024-08-13,36,2024-06-10
37,809,3.0,2024-06-08,36,2024-06-10
37,974635,3.0,2024-11-03,36,2024-06-10
37,177572,5.0,2024-11-05,36,2024-06-10
38,639720,5.0,2024-08-26,57,2023-12-26
38,1108427,4.0,2024-09-07,57,2023-12-26
38,106646,4.0,2024-11-30,57,2023-12-26
38,1290287,4.0,2024-09-28,57,2023-12-26
38,425,3.0,2024-06-06,57,2023-12-26
38,425,2.0,2024-08-29,57,2023-12-26
38,929563,4.0,2024-06-17,57,2023-12-26
38,13,4.0,2024-09-11,57,2023-12-26
39,929563,3.0,2024-11-13,70,2024-06-14
39,1059264,5.0,2024-09-22,70,2024-06-14
39,384018,5.0,2024-08-04,70,2024-06-14
39,746036,5.0,2024-07-14,70,2024-06-14
39,568124,1.0,2024-10-20,70,2024-06-14
40,508,1.0,2024-09-20,46,2024-03-02
40,1371727,3.0,2024-09-03,46,2024-03-02
40,826510,5.0,2024-11-13,46,2024-03-02
40,269509,1.0,2024-08-03,46,2024-03-02
40,106646,1.0,2024-10-23,46,2024-03-02
41,507241,5.0,2024-06-09,56,2024-02-01
41,293660,5.0,2024-11-05,56,2024-02-01
41,976573,5.0,2024-11-04,56,2024-02-01
41,9919,2.0,2024-11-08,56,2024-02-01
41,105,2.0,2024-07-06,56,2024-02-01
41,1104171,5.0,2024-09-25,56,2024-02-01
42,629542,4.0,2024-07-28,57,2024-01-01
42,20352,1.0,2024-10-11,57,2024-01-01
42,177572,2.0,2024-06-16,57,2024-01-01
42,106646,3.0,2024-10-14,57,2024-01-01
42,917496,1.0,2024-06-29,57,2024-01-01
42,1354627,2.0,2024-09-27,57,2024-01-01
42,425,4.0,2024-10-22,57,2024-01-01
42,820530,1.0,2024-10-21,57,2024-01-01
42,639720,3.0,2024-06-30,57,2024-01-01
42,8871,5.0,2024-10-23,57,2024-01-01
42,1290287,5.0,2024-09-24,57,2024-01-01
42,826510,3.0,2024-09-16,57,2024-01-01
43,995803,3.0,2024-09-15,46,2024-02-15
43,277834,3.0,2024-09-27,46,2024-02-15
43,39873,1.0,2024-10-15,46,2024-02-15
43,269149,4.0,2024-08-11,46,2024-02-15
43,118,5.0,2024-06-23,46,2024-02-15
43,315162,3.0,2024-06-16,46,2024-02-15
43,585,5.0,2024-06-29,46,2024-02-15
43,13,2.0,2024-08-17,46,2024-02-15
43,1359227,3.0,2024-09-08,46,2024-02-15
43,1241982,1.0,2024-07-23,46,2024-02-15
43,1059264,3.0,2024-07-02,46,2024-02-15
43,868759,5.0,2024-07-16,46,2024-02-15
43,533535,4.0,2024-06-27,46,2024-02-15
43,974262,2.0,2024-07-20,46,2024-02-15
43,1100099,5.0,2024-07-22,46,2024-02-15
43,106646,5.0,2024-10-03,46,2024-02-15
43,592983,3.0,2024-06-28,46,2024-02-15
43,594767,5.0,2024-06-15,46,2024-02-15
43,568124,4.0,2024-06-11,46,2024-02-15
44,1329336,2.0,2024-08-12,42,2024-10-29
44,1207830,1.0,2024-09-30,42,2024-10-29
44,957119,4.0,2024-06-14,42,2024-10-29
44,12153,2.0,2024-10-27,42,2024-10-29
44,10625,1.0,2024-08-08,42,2024-10-29
44,1210794,5.0,2024-08-19,42,2024-10-29
44,20352,1.0,2024-08-21,42,2024-10-29
44,1382511,2.0,2024-07-31,42,2024-10-29
44,1210794,5.0,2024-09-15,42,2024-10-29
44,365177,5.0,2024-11-21,42,2024-10-29
44,13,4.0,2024-10-13,42,2024-10-29
44,568124,3.0,2024-10-11,42,2024-10-29
44,533535,4.0,2024-07-04,42,2024-10-29
44,868759,5.0,2024-09-10,42,2024-10-29
44,585,1.0,2024-06-11,42,2024-10-29
44,877817,2.0,2024-09-06,42,2024-10-29
44,62961,4.0,2024-07-04,42,2024-10-29
44,519182,1.0,2024-10-09,42,2024-10-29
44,862,1.0,2024-11-11,42,2024-10-29
45,1059264,3.0,2024-10-06,36,2024-08-18
45,62961,1.0,2024-07-28,36,2024-08-18
45,177572,5.0,2024-08-14,36,2024-08-18
45,573435,1.0,2024-09-02,36,2024-08-18
45,324568,3.0,2024-07-25,36,2024-08-18
45,1210794,1.0,2024-11-21,36,2024-08-18
45,629542,3.0,2024-07-09,36,2024-08-18
45,2062,2.0,2024-10-27,36,2024-08-18
45,62961,5.0,2024-11-13,36,2024-08-18
45,269509,4.0,2024-07-14,36,2024-08-18
45,567811,1.0,2024-07-16,36,2024-08-18
45,315162,5.0,2024-10-31,36,2024-08-18
46,150540,5.0,2024-08-14,27,2024-09-06
46,287903,2.0,2024-10-22,27,2024-09-06
46,425,4.0,2024-06-22,27,2024-09-06
46,425,2.0,2024-09-20,27,2024-09-06
46,675353,1.0,2024-09-30,27,2024-09-06
46,62961,4.0,2024-09-16,27,2024-09-06
46,808,1.0,2024-08-25,27,2024-09-06
46,585,4.0,2024-07-17,27,2024-09-06
46,1210794,1.0,2024-10-07,27,2024-09-06
46,772,4.0,2024-10-06,27,2024-09-06
46,384018,2.0,2024-08-09,27,2024-09-06
46,1354627,3.0,2024-09-25,27,2024-09-06
46,838240,5.0,2024-11-02,27,2024-09-06
47,106646,1.0,2024-09-09,56,2024-05-17
47,4247,5.0,2024-06-08,56,2024-05-17
47,820530,3.0,2024-08-22,56,2024-05-17
47,704239,3.0,2024-08-25,56,2024-05-17
47,746036,3.0,2024-06-27,56,2024-05-17
47,9919,1.0,2024-09-14,56,2024-05-17
47,568124,4.0,2024-08-01,56,2024-05-17
47,809,5.0,2024-08-21,56,2024-05-17
47,106646,2.0,2024-06-20,56,2024-05-17
47,493529,1.0,2024-09-24,56,2024-05-17
47,976573,3.0,2024-11-13,56,2024-05-17
47,868759,4.0,2024-06-21,56,2024-05-17
47,1100099,1.0,2024-07-05,56,2024-05-17
47,1290486,5.0,2024-09-06,56,2024-05-17
48,1382511,5.0,2024-09-17,28,2024-03-11
48,20352,4.0,2024-08-08,28,2024-03-11
48,616446,1.0,2024-07-19,28,2024-03-11
48,10625,4.0,2024-07-07,28,2024-03-11
48,1064213,1.0,2024-09-04,28,2024-03-11
48,106646,1.0,2024-06-05,28,2024-03-11
48,974262,4.0,2024-08-11,28,2024-03-11
48,868759,3.0,2024-10-03,28,2024-03-11
49,62961,2.0,2024-07-31,21,2024-08-19
49,277834,3.0,2024-08-27,21,2024-08-19
49,974262,3.0,2024-09-29,21,2024-08-19
49,704239,3.0,2024-11-07,21,2024-08-19
49,346698,5.0,2024-08-18,21,2024-08-19
49,1382511,5.0,2024-09-06,21,2024-08-19
49,519182,5.0,2024-10-26,21,2024-08-19
49,1241982,1.0,2024-07-17,21,2024-08-19
49,1207830,5.0,2024-10-15,21,2024-08-19
49,20352,2.0,2024-06-29,21,2024-08-19
49,1354627,1.0,2024-06-14,21,2024-08-19
49,118,3.0,2024-11-03,21,2024-08-19
49,177572,1.0,2024-08-17,21,2024-08-19
49,10625,2.0,2024-11-30,21,2024-08-19
49,1064213,4.0,2024-10-07,21,2024-08-19
49,82702,1.0,2024-06-15,21,2024-08-19
50,9919,1.0,2024-09-02,34,2024-07-04
50,62961,5.0,2024-10-19,34,2024-07-04
50,820530,1.0,2024-07-24,34,2024-07-04
50,118,4.0,2024-10-03,34,2024-07-04
50,748783,4.0,2024-08-19,34,2024-07-04
50,315162,3.0,2024-06-20,34,2024-07-04
51,106646,4.0,2024-08-13,45,2024-07-14
51,877817,4.0,2024-06-22,45,2024-07-14
51,974635,4.0,2024-07-22,45,2024-07-14
51,150540,2.0,2024-08-20,45,2024-07-14
51,13,3.0,2024-07-26,45,2024-07-14
51,831815,2.0,2024-10-30,45,2024-07-14
51,1097870,2.0,2024-10-03,45,2024-07-14
51,568124,3.0,2024-06-05,45,2024-07-14
51,1207830,5.0,2024-09-05,45,2024-07-14
51,917496,5.0,2024-10-18,45,2024-07-14
51,826510,2.0,2024-11-14,45,2024-07-14
52,1290486,2.0,2024-07-16,61,2024-06-11
52,1210794,4.0,2024-07-12,61,2024-06-11
52,106646,1.0,2024-06-06,61,2024-06-11
52,1359227,1.0,2024-10-28,61,2024-06-11
52,592983,3.0,2024-11-13,61,2024-06-11
52,1108427,4.0,2024-07-06,61,2024-06-11
52,877817,3.0,2024-08-23,61,2024-06-11
52,1097870,1.0,2024-06-13,61,2024-06-11
52,11688,1.0,2024-07-08,61,2024-06-11
52,8871,3.0,2024-06-22,61,2024-06-11
52,365177,2.0,2024-10-17,61,2024-06-11
52,1022789,5.0,2024-10-28,61,2024-06-11
52,277834,4.0,2024-09-24,61,2024-06-11
52,508,1.0,2024-07-30,61,2024-06-11
52,639720,2.0,2024-07-14,61,2024-06-11
52,1329336,5.0,2024-10-10,61,2024-06-11
52,929563,5.0,2024-10-22,61,2024-06-11
52,1371727,4.0,2024-07-04,61,2024-06-11
53,826510,5.0,2024-07-05,23,2024-07-09
53,9919,4.0,2024-08-29,23,2024-07-09
53,976573,4.0,2024-11-23,23,2024-07-09
53,360920,4.0,2024-09-12,23,2024-07-09
53,1382511,3.0,2024-10-09,23,2024-07-09
53,62961,3.0,2024-06-18,23,2024-07-09
53,508,2.0,2024-08-14,23,2024-07-09
53,425,3.0,2024-07-27,23,2024-07-09
53,831815,2.0,2024-10-05,23,2024-07-09
53,346698,1.0,2024-09-30,23,2024-07-09
53,177572,3.0,2024-08-16,23,2024-07-09
53,862,5.0,2024-07-02,23,2024-07-09
53,519182,1.0,2024-09-27,23,2024-07-09
53,917496,4.0,2024-07-05,23,2024-07-09
53,20352,1.0,2024-10-31,23,2024-07-09
53,592983,4.0,2024-07-05,23,2024-07-09
54,868759,1.0,2024-10-04,28,2024-07-29
54,974262,2.0,2024-06-06,28,2024-07-29
54,8871,5.0,2024-08-25,28,2024-07-29
54,974635,2.0,2024-10-18,28,2024-07-29
54,939243,5.0,2024-10-24,28,2024-07-29
54,106646,3.0,2024-08-14,28,2024-07-29
54,616446,5.0,2024-07-06,28,2024-07-29
54,629542,2.0,2024-09-26,28,2024-07-29
54,675353,4.0,2024-09-02,28,2024-07-29
54,1207830,3.0,2024-10-01,28,2024-07-29
54,1108427,1.0,2024-10-24,28,2024-07-29
54,748783,3.0,2024-11-03,28,2024-07-29
54,1100099,5.0,2024-06-13,28,2024-07-29
54,384018,4.0,2024-08-09,28,2024-07-29
54,845781,2.0,2024-07-24,28,2024-07-29
54,1064213,2.0,2024-08-19,28,2024-07-29
54,826510,1.0,2024-08-19,28,2024-07-29
54,585,1.0,2024-09-18,28,2024-07-29
55,1371727,1.0,2024-12-01,20,2024-08-19
55,592983,5.0,2024-10-20,20,2024-08-19
55,1290486,1.0,2024-06-08,20,2024-08-19
55,1104171,3.0,2024-10-22,20,2024-08-19
55,1241982,1.0,2024-11-03,20,2024-08-19
55,976573,2.0,2024-11-11,20,2024-08-19
55,269509,1.0,2024-10-08,20,2024-08-19
55,556803,2.0,2024-11-17,20,2024-08-19
55,10625,2.0,2024-06-09,20,2024-08-19
55,1207830,2.0,2024-07-24,20,2024-08-19
55,787699,4.0,2024-09-22,20,2024-08-19
55,508,2.0,2024-06-10,20,2024-08-19
55,1382511,3.0,2024-08-27,20,2024-08-19
55,12153,2.0,2024-08-18,20,2024-08-19
55,808,2.0,2024-08-28,20,2024-08-19
55,493529,4.0,2024-08-01,20,2024-08-19
55,843527,5.0,2024-08-13,20,2024-08-19
55,704239,5.0,2024-07-09,20,2024-08-19
56,1108427,2.0,2024-10-17,31,2024-01-30
56,838240,3.0,2024-09-05,31,2024-01-30
56,940551,3.0,2024-07-22,31,2024-01-30
56,177572,3.0,2024-11-21,31,2024-01-30
56,772,3.0,2024-07-14,31,2024-01-30
56,22705,4.0,2024-07-23,31,2024-01-30
56,106646,1.0,2024-09-15,31,2024-01-30
56,917496,2.0,2024-09-22,31,2024-01-30
56,556803,2.0,2024-08-21,31,2024-01-30
56,360920,5.0,2024-09-13,31,2024-01-30
56,947891,1.0,2024-06-26,31,2024-01-30
56,862,2.0,2024-11-07,31,2024-01-30
56,346698,3.0,2024-10-01,31,2024-01-30
56,20352,2.0,2024-08-07,31,2024-01-30
56,1022789,4.0,2024-08-17,31,2024-01-30
56,629542,2.0,2024-10-09,31,2024-01-30
56,831815,1.0,2024-07-03,31,2024-01-30
57,315162,5.0,2024-08-08,23,2024-08-19
57,1210794,4.0,2024-11-03,23,2024-08-19
57,1064213,5.0,2024-10-09,23,2024-08-19
57,1207830,5.0,2024-09-17,23,2024-08-19
57,639720,4.0,2024-07-02,23,2024-08-19
57,629542,4.0,2024-10-20,23,2024-08-19
57,748783,5.0,2024-10-22,23,2024-08-19
58,150540,1.0,2024-09-10,33,2024-10-30
58,22705,4.0,2024-07-22,33,2024-10-30
58,862,1.0,2024-09-07,33,2024-10-30
58,346698,4.0,2024-08-02,33,2024-10-30
58,1097870,5.0,2024-11-02,33,2024-10-30
58,1104171,1.0,2024-08-01,33,2024-10-30
58,5825,5.0,2024-07-28,33,2024-10-30
58,20352,5.0,2024-11-12,33,2024-10-30
58,838240,2.0,2024-09-18,33,2024-10-30
58,533535,1.0,2024-11-02,33,2024-10-30
58,675353,4.0,2024-08-16,33,2024-10-30
58,746036,4.0,2024-10-14,33,2024-10-30
58,845781,3.0,2024-10-27,33,2024-10-30
58,629542,4.0,2024-07-22,33,2024-10-30
58,995803,5.0,2024-11-02,33,2024-10-30
58,556803,5.0,2024-11-11,33,2024-10-30
58,2062,4.0,2024-11-13,33,2024-10-30
59,573435,1.0,2024-08-18,61,2024-11-13
59,1359227,3.0,2024-07-12,61,2024-11-13
59,1108427,2.0,2024-06-23,61,2024-11-13
59,808,4.0,2024-10-23,61,2024-11-13
59,10625,4.0,2024-06-27,61,2024-11-13
59,269509,3.0,2024-10-20,61,2024-11-13
59,974635,5.0,2024-08-16,61,2024-11-13
59,567811,5.0,2024-09-12,61,2024-11-13
59,976573,3.0,2024-11-11,61,2024-11-13
59,592983,1.0,2024-08-28,61,2024-11-13
59,346698,2.0,2024-11-06,61,2024-11-13
59,384018,5.0,2024-10-20,61,2024-11-13
59,277834,2.0,2024-08-16,61,2024-11-13
59,1225977,5.0,2024-11-14,61,2024-11-13
59,177572,1.0,2024-08-23,61,2024-11-13
59,1100099,3.0,2024-09-12,61,2024-11-13
59,1097870,5.0,2024-08-18,61,2024-11-13
59,62961,5.0,2024-09-05,61,2024-11-13
59,1371727,1.0,2024-07-23,61,2024-11-13
59,585,4.0,2024-11-08,61,2024-11-13
60,277834,1.0,2024-11-18,67,2024-07-15
60,8871,3.0,2024-09-28,67,2024-07-15
60,269149,3.0,2024-08-12,67,2024-07-15
60,2062,1.0,2024-11-14,67,2024-07-15
60,1329336,5.0,2024-09-13,67,2024-07-15
60,1241982,2.0,2024-06-13,67,2024-07-15
60,1207830,4.0,2024-06-11,67,2024-07-15
60,360920,4.0,2024-07-25,67,2024-07-15
60,493529,3.0,2024-09-30,67,2024-07-15
60,1097870,1.0,2024-07-12,67,2024-07-15
60,556803,3.0,2024-10-07,67,2024-07-15
61,1371727,3.0,2024-07-26,28,2024-11-12
61,62961,3.0,2024-09-20,28,2024-11-12
61,917496,5.0,2024-11-17,28,2024-11-12
61,11688,2.0,2024-09-08,28,2024-11-12
61,629542,2.0,2024-06-27,28,2024-11-12
61,976573,3.0,2024-11-24,28,2024-11-12
61,1241982,2.0,2024-10-08,28,2024-11-12
61,831815,4.0,2024-07-18,28,2024-11-12
61,556803,1.0,2024-07-02,28,2024-11-12
61,384018,4.0,2024-06-09,28,2024-11-12
61,346698,4.0,2024-07-22,28,2024-11-12
61,862,1.0,2024-06-08,28,2024-11-12
61,1207830,4.0,2024-08-04,28,2024-11-12
61,639720,1.0,2024-06-13,28,2024-11-12
62,12153,1.0,2024-09-21,43,2024-07-25
62,746036,4.0,2024-09-20,43,2024-07-25
62,502356,2.0,2024-10-24,43,2024-07-25
62,556803,4.0,2024-06-10,43,2024-07-25
62,862,4.0,2024-11-02,43,2024-07-25
62,639720,4.0,2024-11-25,43,2024-07-25
62,877817,1.0,2024-10-07,43,2024-07-25
62,585,3.0,2024-11-11,43,2024-07-25
63,877817,1.0,2024-08-22,33,2024-04-21
63,9919,5.0,2024-09-12,33,2024-04-21
63,269149,5.0,2024-07-02,33,2024-04-21
63,939243,1.0,2024-10-14,33,2024-04-21
63,808,2.0,2024-10-03,33,2024-04-21
64,772,2.0,2024-08-27,22,2023-12-06
64,493529,5.0,2024-10-01,22,2023-12-06
64,808,5.0,2024-09-06,22,2023-12-06
64,1234811,4.0,2024-06-20,22,2023-12-06
64,862,2.0,2024-09-12,22,2023-12-06
64,106646,5.0,2024-08-06,22,2023-12-06
64,1241982,1.0,2024-07-20,22,2023-12-06
64,1371727,5.0,2024-11-15,22,2023-12-06
64,360920,4.0,2024-06-28,22,2023-12-06
64,384018,4.0,2024-07-28,22,2023-12-06
64,629542,5.0,2024-10-16,22,2023-12-06
64,62961,5.0,2024-06-09,22,2023-12-06
64,573435,5.0,2024-09-27,22,2023-12-06
64,787699,3.0,2024-07-16,22,2023-12-06
64,105,3.0,2024-08-31,22,2023-12-06
64,507241,3.0,2024-08-30,22,2023-12-06
64,82702,2.0,2024-11-18,22,2023-12-06
65,323260,4.0,2024-09-17,50,2024-05-31
65,1210794,1.0,2024-10-01,50,2024-05-31
65,106646,5.0,2024-08-09,50,2024-05-31
65,573435,5.0,2024-08-24,50,2024-05-31
65,974262,2.0,2024-09-14,50,2024-05-31
65,1207830,2.0,2024-06-19,50,2024-05-31
65,862,2.0,2024-08-16,50,2024-05-31
65,106646,3.0,2024-06-21,50,2024-05-31
65,629542,5.0,2024-06-27,50,2024-05-31
65,10625,3.0,2024-09-26,50,2024-05-31
65,629542,3.0,2024-07-28,50,2024-05-31
65,1022789,1.0,2024-09-03,50,2024-05-31
65,519182,5.0,2024-10-16,50,2024-05-31
65,808,3.0,2024-08-15,50,2024-05-31
65,947891,3.0,2024-10-22,50,2024-05-31
65,62961,1.0,2024-08-03,50,2024-05-31
65,4247,1.0,2024-09-26,50,2024-05-31
66,843527,4.0,2024-11-03,52,2023-12-23
66,1022789,2.0,2024-09-20,52,2023-12-23
66,1207830,1.0,2024-07-22,52,2023-12-23
66,1241982,5.0,2024-11-27,52,2023-12-23
66,5825,5.0,2024-07-04,52,2023-12-23
66,13,4.0,2024-09-13,52,2023-12-23
66,1329336,1.0,2024-07-30,52,2023-12-23
66,639720,5.0,2024-11-05,52,2023-12-23
66,947891,2.0,2024-11-08,52,2023-12-23
66,826510,2.0,2024-07-12,52,2023-12-23
66,573435,5.0,2024-10-26,52,2023-12-23
66,616446,5.0,2024-11-14,52,2023-12-23
66,957119,3.0,2024-06-10,52,2023-12-23
66,346698,4.0,2024-09-25,52,2023-12-23
66,704239,2.0,2024-08-07,52,2023-12-23
66,519182,4.0,2024-07-23,52,2023-12-23
66,929563,1.0,2024-11-22,52,2023-12-23
66,1382511,2.0,2024-09-19,52,2023-12-23
67,8871,4.0,2024-09-11,47,2024-11-05
67,519182,3.0,2024-06-28,47,2024-11-05
67,995803,3.0,2024-07-07,47,2024-11-05
67,957119,2.0,2024-08-03,47,2024-11-05
67,360920,1.0,2024-11-12,47,2024-11-05
67,772,3.0,2024-10-04,47,2024-11-05
67,1354627,2.0,2024-08-22,47,2024-11-05
67,592983,5.0,2024-07-23,47,2024-11-05
67,616446,3.0,2024-08-26,47,2024-11-05
67,22705,3.0,2024-07-23,47,2024-11-05
67,2062,4.0,2024-09-08,47,2024-11-05
67,1100099,2.0,2024-11-20,47,2024-11-05
67,1329336,4.0,2024-11-03,47,2024-11-05
67,1241982,1.0,2024-07-05,47,2024-11-05
67,976573,2.0,2024-08-25,47,2024-11-05
67,877817,3.0,2024-07-01,47,2024-11-05
67,746036,1.0,2024-07-09,47,2024-11-05
67,748783,3.0,2024-10-15,47,2024-11-05
68,704239,4.0,2024-06-24,25,2024-05-16
68,772,5.0,2024-07-12,25,2024-05-16
68,592983,2.0,2024-06-29,25,2024-05-16
68,1371727,5.0,2024-07-19,25,2024-05-16
68,1290486,4.0,2024-07-08,25,2024-05-16
68,293660,4.0,2024-11-20,25,2024-05-16
68,8871,1.0,2024-08-15,25,2024-05-16
68,118,3.0,2024-08-16,25,2024-05-16
68,629542,4.0,2024-07-12,25,2024-05-16
68,507241,4.0,2024-07-27,25,2024-05-16
68,324568,2.0,2024-08-07,25,2024-05-16
68,843527,2.0,2024-10-19,25,2024-05-16
69,1382511,1.0,2024-10-03,35,2024-03-22
69,12153,2.0,2024-06-16,35,2024-03-22
69,22705,5.0,2024-10-30,35,2024-03-22
69,1207830,5.0,2024-08-12,35,2024-03-22
69,8871,5.0,2024-08-11,35,2024-03-22
69,82702,5.0,2024-10-07,35,2024-03-22
69,568124,5.0,2024-06-26,35,2024-03-22
69,592983,2.0,2024-08-26,35,2024-03-22
69,845781,3.0,2024-08-02,35,2024-03-22
69,106646,4.0,2024-09-24,35,2024-03-22
69,493529,2.0,2024-09-20,35,2024-03-22
69,1329336,5.0,2024-06-06,35,2024-03-22
69,868759,1.0,2024-11-27,35,2024-03-22
69,20352,5.0,2024-10-30,35,2024-03-22
70,502356,3.0,2024-07-17,18,2024-09-08
70,12153,5.0,2024-11-17,18,2024-09-08
70,1064213,3.0,2024-07-14,18,2024-09-08
70,929563,5.0,2024-06-11,18,2024-09-08
70,746036,5.0,2024-09-21,18,2024-09-08
70,533535,3.0,2024-07-23,18,2024-09-08
70,1382511,1.0,2024-08-17,18,2024-09-08
70,8871,1.0,2024-11-20,18,2024-09-08
70,845781,2.0,2024-09-23,18,2024-09-08
70,974635,3.0,2024-09-12,18,2024-09-08
70,974262,3.0,2024-10-21,18,2024-09-08
70,5825,5.0,2024-09-01,18,2024-09-08
70,493529,5.0,2024-11-30,18,2024-09-08
71,1210794,4.0,2024-07-07,57,2024-04-22
71,974262,1.0,2024-09-26,57,2024-04-22
71,20352,2.0,2024-09-19,57,2024-04-22
71,22705,5.0,2024-08-27,57,2024-04-22
71,62961,2.0,2024-06-14,57,2024-04-22
71,1100099,4.0,2024-10-30,57,2024-04-22
71,843527,2.0,2024-09-17,57,2024-04-22
72,639720,2.0,2024-09-30,25,2024-05-06
72,675353,4.0,2024-08-13,25,2024-05-06
72,974262,4.0,2024-09-11,25,2024-05-06
72,519182,3.0,2024-07-16,25,2024-05-06
72,585,5.0,2024-11-13,25,2024-05-06
72,106646,4.0,2024-07-03,25,2024-05-06
72,939243,1.0,2024-10-02,25,2024-05-06
72,20352,1.0,2024-08-15,25,2024-05-06
72,62961,4.0,2024-06-18,25,2024-05-06
72,360920,1.0,2024-10-22,25,2024-05-06
72,4247,2.0,2024-09-25,25,2024-05-06
72,269509,1.0,2024-11-04,25,2024-05-06
72,287903,2.0,2024-09-05,25,2024-05-06
72,1097870,5.0,2024-07-16,25,2024-05-06
72,150540,1.0,2024-07-16,25,2024-05-06
72,845781,4.0,2024-11-01,25,2024-05-06
72,1210794,2.0,2024-11-16,25,2024-05-06
73,809,2.0,2024-11-20,34,2024-10-02
73,1207830,3.0,2024-06-26,34,2024-10-02
73,277834,5.0,2024-06-19,34,2024-10-02
73,862,2.0,2024-08-02,34,2024-10-02
73,150540,3.0,2024-11-04,34,2024-10-02
73,675353,5.0,2024-08-11,34,2024-10-02
73,287903,2.0,2024-12-01,34,2024-10-02
74,995803,1.0,2024-08-02,51,2024-07-22
74,8871,1.0,2024-07-25,51,2024-07-22
74,425,3.0,2024-06-22,51,2024-07-22
74,957119,3.0,2024-06-28,51,2024-07-22
74,573435,2.0,2024-10-12,51,2024-07-22
74,365177,5.0,2024-09-21,51,2024-07-22
74,629542,4.0,2024-07-28,51,2024-07-22
74,384018,4.0,2024-11-12,51,2024-07-22
75,1210794,2.0,2024-07-31,58,2024-01-28
75,957119,3.0,2024-06-25,58,2024-01-28
75,1059264,2.0,2024-08-07,58,2024-01-28
75,10625,5.0,2024-06-06,58,2024-01-28
75,425,2.0,2024-10-21,58,2024-01-28
75,1290486,1.0,2024-07-20,58,2024-01-28
75,323260,4.0,2024-07-02,58,2024-01-28
75,2062,2.0,2024-09-26,58,2024-01-28
75,502356,4.0,2024-10-27,58,2024-01-28
75,13,5.0,2024-11-09,58,2024-01-28
75,862,3.0,2024-11-09,58,2024-01-28
75,1022789,5.0,2024-06-14,58,2024-01-28
75,277834,1.0,2024-07-22,58,2024-01-28
76,493529,4.0,2024-08-04,61,2024-11-22
76,315162,2.0,2024-09-22,61,2024-11-22
76,675353,4.0,2024-08-08,61,2024-11-22
76,106646,3.0,2024-10-23,61,2024-11-22
76,519182,4.0,2024-09-09,61,2024-11-22
76,809,1.0,2024-11-03,61,2024-11-22
76,957119,2.0,2024-07-07,61,2024-11-22
76,838240,4.0,2024-09-29,61,2024-11-22
76,843527,4.0,2024-10-04,61,2024-11-22
76,748783,4.0,2024-06-13,61,2024-11-22
76,507241,5.0,2024-10-29,61,2024-11-22
76,1290287,1.0,2024-10-07,61,2024-11-22
76,5825,4.0,2024-11-22,61,2024-11-22
76,118,5.0,2024-07-04,61,2024-11-22
76,82702,3.0,2024-09-05,61,2024-11-22
76,22705,3.0,2024-07-01,61,2024-11-22
76,384018,2.0,2024-08-30,61,2024-11-22
76,20352,4.0,2024-09-19,61,2024-11-22
76,287903,5.0,2024-11-30,61,2024-11-22
76,704239,5.0,2024-10-21,61,2024-11-22
77,269149,1.0,2024-08-14,25,2024-06-01
77,425,2.0,2024-09-27,25,2024-06-01
77,843527,2.0,2024-08-02,25,2024-06-01
77,808,1.0,2024-06-26,25,2024-06-01
77,787699,1.0,2024-06-13,25,2024-06-01
77,704239,5.0,2024-08-10,25,2024-06-01
77,556803,4.0,2024-06-23,25,2024-06-01
77,1064213,5.0,2024-08-22,25,2024-06-01
77,346698,1.0,2024-09-21,25,2024-06-01
77,10625,1.0,2024-12-01,25,2024-06-01
77,324568,2.0,2024-07-06,25,2024-06-01
77,1225977,4.0,2024-11-05,25,2024-06-01
77,831815,2.0,2024-09-11,25,2024-06-01
77,1329336,5.0,2024-09-16,25,2024-06-01
77,616446,1.0,2024-10-16,25,2024-06-01
78,629542,1.0,2024-07-01,22,2024-07-13
78,947891,4.0,2024-06-30,22,2024-07-13
78,585,1.0,2024-08-07,22,2024-07-13
78,346698,4.0,2024-08-25,22,2024-07-13
78,567811,4.0,2024-09-19,22,2024-07-13
79,1207830,5.0,2024-10-05,25,2024-01-10
79,995803,2.0,2024-07-16,25,2024-01-10
79,820530,4.0,2024-11-27,25,2024-01-10
79,826510,2.0,2024-09-10,25,2024-01-10
79,315162,5.0,2024-11-18,25,2024-01-10
80,106646,5.0,2024-06-24,57,2024-07-08
80,9919,1.0,2024-11-05,57,2024-07-08
80,957119,1.0,2024-11-02,57,2024-07-08
80,831815,2.0,2024-12-01,57,2024-07-08
80,365177,2.0,2024-12-01,57,2024-07-08
80,22705,1.0,2024-09-08,57,2024-07-08
80,573435,4.0,2024-06-19,57,2024-07-08
80,62961,4.0,2024-08-15,57,2024-07-08
80,12153,2.0,2024-10-08,57,2024-07-08
80,1210794,4.0,2024-10-29,57,2024-07-08
80,772,3.0,2024-06-28,57,2024-07-08
80,843527,3.0,2024-08-14,57,2024-07-08
80,1290486,5.0,2024-09-07,57,2024-07-08
80,507241,5.0,2024-08-07,57,2024-07-08
80,20352,1.0,2024-08-14,57,2024-07-08
80,1064213,4.0,2024-10-21,57,2024-07-08
80,425,2.0,2024-07-21,57,2024-07-08
80,787699,1.0,2024-10-01,57,2024-07-08
80,384018,4.0,2024-10-16,57,2024-07-08
81,1207830,5.0,2024-08-31,60,2023-12-02
81,974635,5.0,2024-07-02,60,2023-12-02
81,62961,2.0,2024-11-21,60,2023-12-02
81,384018,1.0,2024-08-13,60,2023-12-02
81,1108427,1.0,2024-07-07,60,2023-12-02
81,106646,1.0,2024-10-21,60,2023-12-02
81,508,4.0,2024-06-23,60,2023-12-02
81,315162,2.0,2024-10-29,60,2023-12-02
82,502356,2.0,2024-10-03,49,2024-04-02
82,1354627,2.0,2024-10-12,49,2024-04-02
82,1329336,4.0,2024-06-12,49,2024-04-02
82,106646,4.0,2024-07-06,49,2024-04-02
82,323260,1.0,2024-07-07,49,2024-04-02
82,150540,1.0,2024-09-03,49,2024-04-02
82,62961,4.0,2024-09-04,49,2024-04-02
82,293660,5.0,2024-07-26,49,2024-04-02
83,843527,1.0,2024-11-26,42,2024-10-13
83,675353,1.0,2024-09-29,42,2024-10-13
83,62961,4.0,2024-10-13,42,2024-10-13
83,940551,2.0,2024-08-19,42,2024-10-13
83,629542,3.0,2024-06-16,42,2024-10-13
83,9919,2.0,2024-10-24,42,2024-10-13
83,808,5.0,2024-06-07,42,2024-10-13
83,315162,4.0,2024-08-14,42,2024-10-13
83,585,1.0,2024-10-30,42,2024-10-13
84,1371727,3.0,2024-09-06,24,2024-04-13
84,957119,3.0,2024-07-24,24,2024-04-13
84,746036,3.0,2024-07-28,24,2024-04-13
84,868759,3.0,2024-07-08,24,2024-04-13
84,585,1.0,2024-07-06,24,2024-04-13
84,82702,3.0,2024-09-03,24,2024-04-13
84,629542,2.0,2024-08-12,24,2024-04-13
84,493529,4.0,2024-08-28,24,2024-04-13
85,20352,5.0,2024-11-08,60,2024-03-07
85,1207830,2.0,2024-09-27,60,2024-03-07
85,947891,3.0,2024-06-11,60,2024-03-07
85,1064213,5.0,2024-11-12,60,2024-03-07
85,425,1.0,2024-06-20,60,2024-03-07
85,4247,4.0,2024-09-05,60,2024-03-07
85,940551,2.0,2024-06-24,60,2024-03-07
85,12153,5.0,2024-10-19,60,2024-03-07
85,585,3.0,2024-11-01,60,2024-03-07
85,315162,3.0,2024-06-08,60,2024-03-07
85,1108427,4.0,2024-08-31,60,2024-03-07
85,1371727,2.0,2024-11-19,60,2024-03-07
85,425,3.0,2024-08-01,60,2024-03-07
85,10625,5.0,2024-08-06,60,2024-03-07
85,1207830,4.0,2024-11-04,60,2024-03-07
85,1097870,1.0,2024-08-31,60,2024-03-07
85,269509,1.0,2024-08-25,60,2024-03-07
85,269149,2.0,2024-09-15,60,2024-03-07
86,287903,1.0,2024-10-11,69,2024-07-14
86,947891,3.0,2024-09-11,69,2024-07-14
86,177572,5.0,2024-10-08,69,2024-07-14
86,629542,2.0,2024-07-24,69,2024-07-14
86,1100099,5.0,2024-11-29,69,2024-07-14
86,2062,1.0,2024-08-26,69,2024-07-14
86,1108427,1.0,2024-08-16,69,2024-07-14
86,384018,3.0,2024-10-23,69,2024-07-14
86,346698,1.0,2024-10-14,69,2024-07-14
87,675353,3.0,2024-08-17,54,2024-10-28
87,820530,4.0,2024-10-16,54,2024-10-28
87,1097870,5.0,2024-07-13,54,2024-10-28
87,704239,2.0,2024-11-20,54,2024-10-28
87,269509,1.0,2024-06-30,54,2024-10-28
87,1354627,5.0,2024-11-22,54,2024-10-28
87,929563,3.0,2024-10-17,54,2024-10-28
87,4247,1.0,2024-10-18,54,2024-10-28
87,1371727,4.0,2024-11-24,54,2024-10-28
87,940551,2.0,2024-09-10,54,2024-10-28
87,425,4.0,2024-09-17,54,2024-10-28
87,1241982,4.0,2024-11-29,54,2024-10-28
87,324568,1.0,2024-07-24,54,2024-10-28
87,1022789,1.0,2024-08-04,54,2024-10-28
87,843527,2.0,2024-09-14,54,2024-10-28
87,573435,1.0,2024-10-21,54,2024-10-28
87,845781,5.0,2024-08-31,54,2024-10-28
87,947891,3.0,2024-07-06,54,2024-10-28
87,787699,1.0,2024-08-24,54,2024-10-28
87,1225977,3.0,2024-07-28,54,2024-10-28
88,11688,4.0,2024-11-27,54,2024-01-10
88,1022789,5.0,2024-07-27,54,2024-01-10
88,10625,5.0,2024-11-21,54,2024-01-10
88,2062,3.0,2024-06-30,54,2024-01-10
88,957119,4.0,2024-10-06,54,2024-01-10
89,4247,3.0,2024-08-06,36,2023-12-09
89,639720,1.0,2024-06-07,36,2023-12-09
89,533535,2.0,2024-10-07,36,2023-12-09
89,360920,4.0,2024-11-15,36,2023-12-09
89,629542,3.0,2024-08-12,36,2023-12-09
89,425,5.0,2024-11-20,36,2023-12-09
89,519182,2.0,2024-10-02,36,2023-12-09
89,1059264,5.0,2024-09-12,36,2023-12-09
89,1290287,4.0,2024-08-17,36,2023-12-09
89,1241982,3.0,2024-09-04,36,2023-12-09
89,5825,2.0,2024-09-03,36,2023-12-09
89,939243,2.0,2024-10-26,36,2023-12-09
89,1104171,5.0,2024-09-28,36,2023-12-09
90,826510,3.0,2024-09-01,59,2024-05-21
90,22705,4.0,2024-11-01,59,2024-05-21
90,831815,1.0,2024-10-26,59,2024-05-21
90,616446,5.0,2024-10-10,59,2024-05-21
90,573435,2.0,2024-07-02,59,2024-05-21
90,150540,4.0,2024-10-26,59,2024-05-21
90,629542,1.0,2024-11-10,59,2024-05-21
90,118,3.0,2024-09-03,59,2024-05-21
90,629542,5.0,2024-11-02,59,2024-05-21
90,974635,5.0,2024-06-19,59,2024-05-21
90,62961,4.0,2024-08-02,59,2024-05-21
91,150540,2.0,2024-10-18,37,2024-11-11
91,323260,1.0,2024-09-07,37,2024-11-11
91,502356,2.0,2024-11-03,37,2024-11-11
91,704239,2.0,2024-11-07,37,2024-11-11
91,269509,5.0,2024-08-13,37,2024-11-11
91,947891,3.0,2024-06-19,37,2024-11-11
91,808,2.0,2024-08-30,37,2024-11-11
91,118,3.0,2024-10-30,37,2024-11-11
91,592983,4.0,2024-07-28,37,2024-11-11
91,293660,2.0,2024-10-01,37,2024-11-11
91,1210794,1.0,2024-07-15,37,2024-11-11
91,10625,2.0,2024-08-26,37,2024-11-11
91,1359227,4.0,2024-07-02,37,2024-11-11
91,838240,4.0,2024-10-19,37,2024-11-11
91,826510,5.0,2024-10-16,37,2024-11-11
91,1329336,3.0,2024-06-12,37,2024-11-11
91,939243,3.0,2024-06-24,37,2024-11-11
91,868759,3.0,2024-07-17,37,2024-11-11
91,1059264,5.0,2024-10-17,37,2024-11-11
91,1234811,5.0,2024-10-28,37,2024-11-11
92,616446,1.0,2024-09-20,44,2024-07-05
92,13,1.0,2024-11-23,44,2024-07-05
92,9919,3.0,2024-09-06,44,2024-07-05
92,929563,1.0,2024-06-17,44,2024-07-05
92,1329336,4.0,2024-09-19,44,2024-07-05
92,365177,4.0,2024-10-28,44,2024-07-05
92,1097870,2.0,2024-07-24,44,2024-07-05
92,22705,1.0,2024-11-08,44,2024-07-05
92,556803,2.0,2024-10-07,44,2024-07-05
92,82702,4.0,2024-10-01,44,2024-07-05
92,995803,2.0,2024-09-03,44,2024-07-05
92,862,1.0,2024-11-17,44,2024-07-05
92,1104171,1.0,2024-11-04,44,2024-07-05
93,287903,4.0,2024-06-20,67,2024-04-09
93,118,4.0,2024-09-29,67,2024-04-09
93,639720,3.0,2024-09-01,67,2024-04-09
93,1382511,3.0,2024-10-20,67,2024-04-09
93,1022789,3.0,2024-08-31,67,2024-04-09
93,704239,4.0,2024-08-12,67,2024-04-09
93,568124,1.0,2024-09-27,67,2024-04-09
93,11688,1.0,2024-07-04,67,2024-04-09
93,1210794,5.0,2024-09-07,67,2024-04-09
93,957119,5.0,2024-09-18,67,2024-04-09
93,177572,4.0,2024-09-24,67,2024-04-09
93,105,2.0,2024-09-01,67,2024-04-09
93,838240,4.0,2024-06-18,67,2024-04-09
93,62961,1.0,2024-11-04,67,2024-04-09
93,5825,4.0,2024-07-26,67,2024-04-09
93,425,1.0,2024-10-20,67,2024-04-09
93,974635,2.0,2024-11-03,67,2024-04-09
93,995803,2.0,2024-11-09,67,2024-04-09
93,862,1.0,2024-09-08,67,2024-04-09
94,1108427,5.0,2024-11-15,50,2024-05-08
94,493529,3.0,2024-08-06,50,2024-05-08
94,11688,1.0,2024-07-16,50,2024-05-08
94,939243,3.0,2024-07-22,50,2024-05-08
94,508,2.0,2024-11-01,50,2024-05-08
95,616446,1.0,2024-07-27,66,2024-10-31
95,787699,3.0,2024-09-11,66,2024-10-31
95,324568,1.0,2024-09-21,66,2024-10-31
95,277834,1.0,2024-10-02,66,2024-10-31
95,838240,3.0,2024-09-10,66,2024-10-31
95,1022789,3.0,2024-11-18,66,2024-10-31
95,22705,5.0,2024-08-08,66,2024-10-31
95,809,2.0,2024-06-10,66,2024-10-31
95,940551,5.0,2024-09-22,66,2024-10-31
95,62961,4.0,2024-08-11,66,2024-10-31
95,1210794,2.0,2024-07-06,66,2024-10-31
95,315162,5.0,2024-10-20,66,2024-10-31
95,1064213,4.0,2024-10-17,66,2024-10-31
95,567811,5.0,2024-09-01,66,2024-10-31
96,940551,1.0,2024-09-29,61,2024-06-24
96,269149,4.0,2024-10-12,61,2024-06-24
96,862,3.0,2024-09-02,61,2024-06-24
96,324568,1.0,2024-06-07,61,2024-06-24
96,507241,3.0,2024-11-17,61,2024-06-24
96,820530,3.0,2024-08-09,61,2024-06-24
97,1022789,2.0,2024-10-15,58,2024-10-26
97,1210794,4.0,2024-10-13,58,2024-10-26
97,315162,1.0,2024-09-29,58,2024-10-26
97,62961,3.0,2024-06-28,58,2024-10-26
97,508,1.0,2024-11-01,58,2024-10-26
97,675353,1.0,2024-11-04,58,2024-10-26
97,748783,1.0,2024-11-07,58,2024-10-26
97,585,1.0,2024-09-12,58,2024-10-26
97,1207830,5.0,2024-08-25,58,2024-10-26
97,118,5.0,2024-08-27,58,2024-10-26
97,1097870,4.0,2024-08-11,58,2024-10-26
97,1059264,3.0,2024-11-09,58,2024-10-26
97,877817,5.0,2024-07-02,58,2024-10-26
97,1359227,3.0,2024-06-15,58,2024-10-26
97,862,1.0,2024-11-09,58,2024-10-26
97,277834,5.0,2024-11-18,58,2024-10-26
97,106646,1.0,2024-11-12,58,2024-10-26
97,269509,2.0,2024-06-27,58,2024-10-26
98,82702,5.0,2024-11-22,29,2024-10-03
98,838240,3.0,2024-09-25,29,2024-10-03
98,346698,5.0,2024-07-12,29,2024-10-03
98,947891,2.0,2024-07-04,29,2024-10-03
98,843527,3.0,2024-10-19,29,2024-10-03
98,974635,3.0,2024-08-21,29,2024-10-03
98,1104171,1.0,2024-09-30,29,2024-10-03
98,8871,5.0,2024-07-22,29,2024-10-03
98,324568,3.0,2024-11-18,29,2024-10-03
98,493529,2.0,2024-08-16,29,2024-10-03
98,1108427,4.0,2024-09-24,29,2024-10-03
98,1329336,2.0,2024-08-15,29,2024-10-03
98,585,1.0,2024-08-29,29,2024-10-03
98,1241982,3.0,2024-11-06,29,2024-10-03
98,808,5.0,2024-06-23,29,2024-10-03
98,22705,2.0,2024-08-10,29,2024-10-03
98,365177,2.0,2024-09-13,29,2024-10-03
98,269149,1.0,2024-10-23,29,2024-10-03
98,772,2.0,2024-11-18,29,2024-10-03
98,594767,5.0,2024-11-09,29,2024-10-03
99,1225977,2.0,2024-08-26,69,2024-02-21
99,1022789,4.0,2024-11-12,69,2024-02-21
99,22705,2.0,2024-06-22,69,2024-02-21
99,4247,5.0,2024-08-01,69,2024-02-21
99,10625,4.0,2024-07-01,69,2024-02-21
99,1329336,4.0,2024-08-16,69,2024-02-21
99,748783,5.0,2024-07-27,69,2024-02-21
99,568124,3.0,2024-11-07,69,2024-02-21
99,746036,3.0,2024-11-18,69,2024-02-21
99,957119,4.0,2024-11-19,69,2024-02-21
99,502356,3.0,2024-06-30,69,2024-02-21
99,118,3.0,2024-09-29,69,2024-02-21
99,315162,4.0,2024-06-23,69,2024-02-21
99,384018,5.0,2024-06-22,69,2024-02-21
99,20352,4.0,2024-08-06,69,2024-02-21
99,1382511,4.0,2024-08-26,69,2024-02-21
99,556803,4.0,2024-07-10,69,2024-02-21
99,11688,1.0,2024-07-15,69,2024-02-21
99,940551,1.0,2024-09-28,69,2024-02-21
99,1210794,5.0,2024-10-06,69,2024-02-21
100,2062,2.0,2024-09-11,63,2024-08-30
100,493529,1.0,2024-11-12,63,2024-08-30
100,5825,1.0,2024-07-14,63,2024-08-30
100,616446,1.0,2024-07-19,63,2024-08-30
100,1059264,2.0,2024-07-03,63,2024-08-30
100,346698,5.0,2024-07-29,63,2024-08-30
100,868759,5.0,2024-07-26,63,2024-08-30
100,62961,5.0,2024-11-12,63,2024-08-30
100,105,3.0,2024-11-12,63,2024-08-30
100,323260,3.0,2024-11-20,63,2024-08-30
100,704239,3.0,2024-08-31,63,2024-08-30
100,1108427,3.0,2024-11-01,63,2024-08-30
100,533535,4.0,2024-06-14,63,2024-08-30
100,831815,1.0,2024-06-28,63,2024-08-30
100,150540,1.0,2024-07-30,63,2024-08-30
100,1359227,5.0,2024-09-30,63,2024-08-30
